{
	"info": {
		"_postman_id": "b495586c-e0e5-4e32-9aa6-88b809c99202",
		"name": "XML",
		"schema": "https://schema.getpostman.com/json/collection/v2.1.0/collection.json"
	},
	"item": [
		{
			"name": "http://localhost:8181/customers",
			"request": {
				"method": "POST",
				"header": [],
				"body": {
					"mode": "raw",
					"raw": "<?xml version=\"1.0\" encoding=\"utf-8\"?>\r\n<Root xmlns=\"http://www.adventure-works.com\">\r\n    <Customers>\r\n        <Customer CustomerID=\"GREAL\">\r\n            <CompanyName>Great Lakes Food Market</CompanyName>\r\n            <ContactName>Howard Snyder</ContactName>\r\n            <ContactTitle>Marketing Manager</ContactTitle>\r\n            <Phone>(503) 555-7555</Phone>\r\n            <FullAddress>\r\n                <Address>2732 Baker Blvd.</Address>\r\n                <City>Eugene</City>\r\n                <Region>OR</Region>\r\n                <PostalCode>97403</PostalCode>\r\n                <Country>USA</Country>\r\n            </FullAddress>\r\n        </Customer>\r\n        <Customer CustomerID=\"HUNGC\">\r\n            <CompanyName>Hungry Coyote Import Store</CompanyName>\r\n            <ContactName>Yoshi Latimer</ContactName>\r\n            <ContactTitle>Sales Representative</ContactTitle>\r\n            <Phone>(503) 555-6874</Phone>\r\n            <Fax>(503) 555-2376</Fax>\r\n            <FullAddress>\r\n                <Address>City Center Plaza 516 Main St.</Address>\r\n                <City>Elgin</City>\r\n                <Region>OR</Region>\r\n                <PostalCode>97827</PostalCode>\r\n                <Country>USA</Country>\r\n            </FullAddress>\r\n        </Customer>\r\n        <Customer CustomerID=\"LAZYK\">\r\n            <CompanyName>Lazy K Kountry Store</CompanyName>\r\n            <ContactName>John Steel</ContactName>\r\n            <ContactTitle>Marketing Manager</ContactTitle>\r\n            <Phone>(509) 555-7969</Phone>\r\n            <Fax>(509) 555-6221</Fax>\r\n            <FullAddress>\r\n                <Address>12 Orchestra Terrace</Address>\r\n                <City>Walla Walla</City>\r\n                <Region>WA</Region>\r\n                <PostalCode>99362</PostalCode>\r\n                <Country>USA</Country>\r\n            </FullAddress>\r\n        </Customer>\r\n        <Customer CustomerID=\"LETSS\">\r\n            <CompanyName>Let's Stop N Shop</CompanyName>\r\n            <ContactName>Jaime Yorres</ContactName>\r\n            <ContactTitle>Owner</ContactTitle>\r\n            <Phone>(415) 555-5938</Phone>\r\n            <FullAddress>\r\n                <Address>87 Polk St. Suite 5</Address>\r\n                <City>San Francisco</City>\r\n                <Region>CA</Region>\r\n                <PostalCode>94117</PostalCode>\r\n                <Country>USA</Country>\r\n            </FullAddress>\r\n        </Customer>\r\n    </Customers>\r\n    <Orders>\r\n        <Order>\r\n            <CustomerID>GREAL</CustomerID>\r\n            <EmployeeID>6</EmployeeID>\r\n            <OrderDate>1997-05-06</OrderDate>\r\n            <RequiredDate>1997-05-20</RequiredDate>\r\n            <ShipInfo ShippedDate=\"1997-05-09\">\r\n                <ShipVia>2</ShipVia>\r\n                <Freight>3.35</Freight>\r\n                <ShipName>Great Lakes Food Market</ShipName>\r\n                <ShipAddress>2732 Baker Blvd.</ShipAddress>\r\n                <ShipCity>Eugene</ShipCity>\r\n                <ShipRegion>OR</ShipRegion>\r\n                <ShipPostalCode>97403</ShipPostalCode>\r\n                <ShipCountry>USA</ShipCountry>\r\n            </ShipInfo>\r\n        </Order>\r\n        <Order>\r\n            <CustomerID>GREAL</CustomerID>\r\n            <EmployeeID>8</EmployeeID>\r\n            <OrderDate>1997-07-04</OrderDate>\r\n            <RequiredDate>1997-08-01</RequiredDate>\r\n            <ShipInfo ShippedDate=\"1997-07-14\">\r\n                <ShipVia>2</ShipVia>\r\n                <Freight>4.42</Freight>\r\n                <ShipName>Great Lakes Food Market</ShipName>\r\n                <ShipAddress>2732 Baker Blvd.</ShipAddress>\r\n                <ShipCity>Eugene</ShipCity>\r\n                <ShipRegion>OR</ShipRegion>\r\n                <ShipPostalCode>97403</ShipPostalCode>\r\n                <ShipCountry>USA</ShipCountry>\r\n            </ShipInfo>\r\n        </Order>\r\n        <Order>\r\n            <CustomerID>GREAL</CustomerID>\r\n            <EmployeeID>1</EmployeeID>\r\n            <OrderDate>1997-07-31</OrderDate>\r\n            <RequiredDate>1997-08-28</RequiredDate>\r\n            <ShipInfo ShippedDate=\"1997-08-05\">\r\n                <ShipVia>2</ShipVia>\r\n                <Freight>116.53</Freight>\r\n                <ShipName>Great Lakes Food Market</ShipName>\r\n                <ShipAddress>2732 Baker Blvd.</ShipAddress>\r\n                <ShipCity>Eugene</ShipCity>\r\n                <ShipRegion>OR</ShipRegion>\r\n                <ShipPostalCode>97403</ShipPostalCode>\r\n                <ShipCountry>USA</ShipCountry>\r\n            </ShipInfo>\r\n        </Order>\r\n        <Order>\r\n            <CustomerID>GREAL</CustomerID>\r\n            <EmployeeID>4</EmployeeID>\r\n            <OrderDate>1997-07-31</OrderDate>\r\n            <RequiredDate>1997-08-28</RequiredDate>\r\n            <ShipInfo ShippedDate=\"1997-08-04\">\r\n                <ShipVia>2</ShipVia>\r\n                <Freight>18.53</Freight>\r\n                <ShipName>Great Lakes Food Market</ShipName>\r\n                <ShipAddress>2732 Baker Blvd.</ShipAddress>\r\n                <ShipCity>Eugene</ShipCity>\r\n                <ShipRegion>OR</ShipRegion>\r\n                <ShipPostalCode>97403</ShipPostalCode>\r\n                <ShipCountry>USA</ShipCountry>\r\n            </ShipInfo>\r\n        </Order>\r\n        <Order>\r\n            <CustomerID>GREAL</CustomerID>\r\n            <EmployeeID>6</EmployeeID>\r\n            <OrderDate>1997-09-04T00:00:00</OrderDate>\r\n            <RequiredDate>1997-10-02T00:00:00</RequiredDate>\r\n            <ShipInfo ShippedDate=\"1997-09-10\">\r\n                <ShipVia>1</ShipVia>\r\n                <Freight>57.15</Freight>\r\n                <ShipName>Great Lakes Food Market</ShipName>\r\n                <ShipAddress>2732 Baker Blvd.</ShipAddress>\r\n                <ShipCity>Eugene</ShipCity>\r\n                <ShipRegion>OR</ShipRegion>\r\n                <ShipPostalCode>97403</ShipPostalCode>\r\n                <ShipCountry>USA</ShipCountry>\r\n            </ShipInfo>\r\n        </Order>\r\n        <Order>\r\n            <CustomerID>GREAL</CustomerID>\r\n            <EmployeeID>3</EmployeeID>\r\n            <OrderDate>1997-09-25T00:00:00</OrderDate>\r\n            <RequiredDate>1997-10-23T00:00:00</RequiredDate>\r\n            <ShipInfo ShippedDate=\"1997-09-30\">\r\n                <ShipVia>3</ShipVia>\r\n                <Freight>76.13</Freight>\r\n                <ShipName>Great Lakes Food Market</ShipName>\r\n                <ShipAddress>2732 Baker Blvd.</ShipAddress>\r\n                <ShipCity>Eugene</ShipCity>\r\n                <ShipRegion>OR</ShipRegion>\r\n                <ShipPostalCode>97403</ShipPostalCode>\r\n                <ShipCountry>USA</ShipCountry>\r\n            </ShipInfo>\r\n        </Order>\r\n        <Order>\r\n            <CustomerID>GREAL</CustomerID>\r\n            <EmployeeID>4</EmployeeID>\r\n            <OrderDate>1998-01-06T00:00:00</OrderDate>\r\n            <RequiredDate>1998-02-03T00:00:00</RequiredDate>\r\n            <ShipInfo ShippedDate=\"1998-02-04\">\r\n                <ShipVia>2</ShipVia>\r\n                <Freight>719.78</Freight>\r\n                <ShipName>Great Lakes Food Market</ShipName>\r\n                <ShipAddress>2732 Baker Blvd.</ShipAddress>\r\n                <ShipCity>Eugene</ShipCity>\r\n                <ShipRegion>OR</ShipRegion>\r\n                <ShipPostalCode>97403</ShipPostalCode>\r\n                <ShipCountry>USA</ShipCountry>\r\n            </ShipInfo>\r\n        </Order>\r\n        <Order>\r\n            <CustomerID>GREAL</CustomerID>\r\n            <EmployeeID>3</EmployeeID>\r\n            <OrderDate>1998-03-09T00:00:00</OrderDate>\r\n            <RequiredDate>1998-04-06T00:00:00</RequiredDate>\r\n            <ShipInfo ShippedDate=\"1998-03-18\">\r\n                <ShipVia>2</ShipVia>\r\n                <Freight>33.68</Freight>\r\n                <ShipName>Great Lakes Food Market</ShipName>\r\n                <ShipAddress>2732 Baker Blvd.</ShipAddress>\r\n                <ShipCity>Eugene</ShipCity>\r\n                <ShipRegion>OR</ShipRegion>\r\n                <ShipPostalCode>97403</ShipPostalCode>\r\n                <ShipCountry>USA</ShipCountry>\r\n            </ShipInfo>\r\n        </Order>\r\n        <Order>\r\n            <CustomerID>GREAL</CustomerID>\r\n            <EmployeeID>3</EmployeeID>\r\n            <OrderDate>1998-04-07T00:00:00</OrderDate>\r\n            <RequiredDate>1998-05-05T00:00:00</RequiredDate>\r\n            <ShipInfo ShippedDate=\"1998-04-15\">\r\n                <ShipVia>2</ShipVia>\r\n                <Freight>25.19</Freight>\r\n                <ShipName>Great Lakes Food Market</ShipName>\r\n                <ShipAddress>2732 Baker Blvd.</ShipAddress>\r\n                <ShipCity>Eugene</ShipCity>\r\n                <ShipRegion>OR</ShipRegion>\r\n                <ShipPostalCode>97403</ShipPostalCode>\r\n                <ShipCountry>USA</ShipCountry>\r\n            </ShipInfo>\r\n        </Order>\r\n        <Order>\r\n            <CustomerID>GREAL</CustomerID>\r\n            <EmployeeID>4</EmployeeID>\r\n            <OrderDate>1998-04-22T00:00:00</OrderDate>\r\n            <RequiredDate>1998-05-20T00:00:00</RequiredDate>\r\n            <ShipInfo>\r\n                <ShipVia>3</ShipVia>\r\n                <Freight>18.84</Freight>\r\n                <ShipName>Great Lakes Food Market</ShipName>\r\n                <ShipAddress>2732 Baker Blvd.</ShipAddress>\r\n                <ShipCity>Eugene</ShipCity>\r\n                <ShipRegion>OR</ShipRegion>\r\n                <ShipPostalCode>97403</ShipPostalCode>\r\n                <ShipCountry>USA</ShipCountry>\r\n            </ShipInfo>\r\n        </Order>\r\n        <Order>\r\n            <CustomerID>GREAL</CustomerID>\r\n            <EmployeeID>4</EmployeeID>\r\n            <OrderDate>1998-04-30T00:00:00</OrderDate>\r\n            <RequiredDate>1998-06-11T00:00:00</RequiredDate>\r\n            <ShipInfo>\r\n                <ShipVia>3</ShipVia>\r\n                <Freight>14.01</Freight>\r\n                <ShipName>Great Lakes Food Market</ShipName>\r\n                <ShipAddress>2732 Baker Blvd.</ShipAddress>\r\n                <ShipCity>Eugene</ShipCity>\r\n                <ShipRegion>OR</ShipRegion>\r\n                <ShipPostalCode>97403</ShipPostalCode>\r\n                <ShipCountry>USA</ShipCountry>\r\n            </ShipInfo>\r\n        </Order>\r\n        <Order>\r\n            <CustomerID>HUNGC</CustomerID>\r\n            <EmployeeID>3</EmployeeID>\r\n            <OrderDate>1996-12-06T00:00:00</OrderDate>\r\n            <RequiredDate>1997-01-03T00:00:00</RequiredDate>\r\n            <ShipInfo ShippedDate=\"1996-12-09\">\r\n                <ShipVia>2</ShipVia>\r\n                <Freight>20.12</Freight>\r\n                <ShipName>Hungry Coyote Import Store</ShipName>\r\n                <ShipAddress>City Center Plaza 516 Main St.</ShipAddress>\r\n                <ShipCity>Elgin</ShipCity>\r\n                <ShipRegion>OR</ShipRegion>\r\n                <ShipPostalCode>97827</ShipPostalCode>\r\n                <ShipCountry>USA</ShipCountry>\r\n            </ShipInfo>\r\n        </Order>\r\n        <Order>\r\n            <CustomerID>HUNGC</CustomerID>\r\n            <EmployeeID>1</EmployeeID>\r\n            <OrderDate>1996-12-25T00:00:00</OrderDate>\r\n            <RequiredDate>1997-01-22T00:00:00</RequiredDate>\r\n            <ShipInfo ShippedDate=\"1997-01-03\">\r\n                <ShipVia>3</ShipVia>\r\n                <Freight>30.34</Freight>\r\n                <ShipName>Hungry Coyote Import Store</ShipName>\r\n                <ShipAddress>City Center Plaza 516 Main St.</ShipAddress>\r\n                <ShipCity>Elgin</ShipCity>\r\n                <ShipRegion>OR</ShipRegion>\r\n                <ShipPostalCode>97827</ShipPostalCode>\r\n                <ShipCountry>USA</ShipCountry>\r\n            </ShipInfo>\r\n        </Order>\r\n        <Order>\r\n            <CustomerID>HUNGC</CustomerID>\r\n            <EmployeeID>3</EmployeeID>\r\n            <OrderDate>1997-01-15T00:00:00</OrderDate>\r\n            <RequiredDate>1997-02-12T00:00:00</RequiredDate>\r\n            <ShipInfo ShippedDate=\"1997-01-24\">\r\n                <ShipVia>1</ShipVia>\r\n                <Freight>0.2</Freight>\r\n                <ShipName>Hungry Coyote Import Store</ShipName>\r\n                <ShipAddress>City Center Plaza 516 Main St.</ShipAddress>\r\n                <ShipCity>Elgin</ShipCity>\r\n                <ShipRegion>OR</ShipRegion>\r\n                <ShipPostalCode>97827</ShipPostalCode>\r\n                <ShipCountry>USA</ShipCountry>\r\n            </ShipInfo>\r\n        </Order>\r\n        <Order>\r\n            <CustomerID>HUNGC</CustomerID>\r\n            <EmployeeID>4</EmployeeID>\r\n            <OrderDate>1997-07-16T00:00:00</OrderDate>\r\n            <RequiredDate>1997-08-13T00:00:00</RequiredDate>\r\n            <ShipInfo ShippedDate=\"1997-07-21\">\r\n                <ShipVia>1</ShipVia>\r\n                <Freight>45.13</Freight>\r\n                <ShipName>Hungry Coyote Import Store</ShipName>\r\n                <ShipAddress>City Center Plaza 516 Main St.</ShipAddress>\r\n                <ShipCity>Elgin</ShipCity>\r\n                <ShipRegion>OR</ShipRegion>\r\n                <ShipPostalCode>97827</ShipPostalCode>\r\n                <ShipCountry>USA</ShipCountry>\r\n            </ShipInfo>\r\n        </Order>\r\n        <Order>\r\n            <CustomerID>HUNGC</CustomerID>\r\n            <EmployeeID>8</EmployeeID>\r\n            <OrderDate>1997-09-08T00:00:00</OrderDate>\r\n            <RequiredDate>1997-10-06T00:00:00</RequiredDate>\r\n            <ShipInfo ShippedDate=\"1997-10-15\">\r\n                <ShipVia>1</ShipVia>\r\n                <Freight>111.29</Freight>\r\n                <ShipName>Hungry Coyote Import Store</ShipName>\r\n                <ShipAddress>City Center Plaza 516 Main St.</ShipAddress>\r\n                <ShipCity>Elgin</ShipCity>\r\n                <ShipRegion>OR</ShipRegion>\r\n                <ShipPostalCode>97827</ShipPostalCode>\r\n                <ShipCountry>USA</ShipCountry>\r\n            </ShipInfo>\r\n        </Order>\r\n        <Order>\r\n            <CustomerID>LAZYK</CustomerID>\r\n            <EmployeeID>1</EmployeeID>\r\n            <OrderDate>1997-03-21T00:00:00</OrderDate>\r\n            <RequiredDate>1997-04-18T00:00:00</RequiredDate>\r\n            <ShipInfo ShippedDate=\"1997-04-10\">\r\n                <ShipVia>3</ShipVia>\r\n                <Freight>7.48</Freight>\r\n                <ShipName>Lazy K Kountry Store</ShipName>\r\n                <ShipAddress>12 Orchestra Terrace</ShipAddress>\r\n                <ShipCity>Walla Walla</ShipCity>\r\n                <ShipRegion>WA</ShipRegion>\r\n                <ShipPostalCode>99362</ShipPostalCode>\r\n                <ShipCountry>USA</ShipCountry>\r\n            </ShipInfo>\r\n        </Order>\r\n        <Order>\r\n            <CustomerID>LAZYK</CustomerID>\r\n            <EmployeeID>8</EmployeeID>\r\n            <OrderDate>1997-05-22T00:00:00</OrderDate>\r\n            <RequiredDate>1997-06-19T00:00:00</RequiredDate>\r\n            <ShipInfo ShippedDate=\"1997-06-26\">\r\n                <ShipVia>2</ShipVia>\r\n                <Freight>11.92</Freight>\r\n                <ShipName>Lazy K Kountry Store</ShipName>\r\n                <ShipAddress>12 Orchestra Terrace</ShipAddress>\r\n                <ShipCity>Walla Walla</ShipCity>\r\n                <ShipRegion>WA</ShipRegion>\r\n                <ShipPostalCode>99362</ShipPostalCode>\r\n                <ShipCountry>USA</ShipCountry>\r\n            </ShipInfo>\r\n        </Order>\r\n        <Order>\r\n            <CustomerID>LETSS</CustomerID>\r\n            <EmployeeID>1</EmployeeID>\r\n            <OrderDate>1997-06-25T00:00:00</OrderDate>\r\n            <RequiredDate>1997-07-23T00:00:00</RequiredDate>\r\n            <ShipInfo ShippedDate=\"1997-07-04\">\r\n                <ShipVia>2</ShipVia>\r\n                <Freight>13.73</Freight>\r\n                <ShipName>Let's Stop N Shop</ShipName>\r\n                <ShipAddress>87 Polk St. Suite 5</ShipAddress>\r\n                <ShipCity>San Francisco</ShipCity>\r\n                <ShipRegion>CA</ShipRegion>\r\n                <ShipPostalCode>94117</ShipPostalCode>\r\n                <ShipCountry>USA</ShipCountry>\r\n            </ShipInfo>\r\n        </Order>\r\n        <Order>\r\n            <CustomerID>LETSS</CustomerID>\r\n            <EmployeeID>8</EmployeeID>\r\n            <OrderDate>1997-10-27T00:00:00</OrderDate>\r\n            <RequiredDate>1997-11-24T00:00:00</RequiredDate>\r\n            <ShipInfo ShippedDate=\"1997-11-05\">\r\n                <ShipVia>2</ShipVia>\r\n                <Freight>51.44</Freight>\r\n                <ShipName>Let's Stop N Shop</ShipName>\r\n                <ShipAddress>87 Polk St. Suite 5</ShipAddress>\r\n                <ShipCity>San Francisco</ShipCity>\r\n                <ShipRegion>CA</ShipRegion>\r\n                <ShipPostalCode>94117</ShipPostalCode>\r\n                <ShipCountry>USA</ShipCountry>\r\n            </ShipInfo>\r\n        </Order>\r\n        <Order>\r\n            <CustomerID>LETSS</CustomerID>\r\n            <EmployeeID>6</EmployeeID>\r\n            <OrderDate>1997-11-10T00:00:00</OrderDate>\r\n            <RequiredDate>1997-12-08T00:00:00</RequiredDate>\r\n            <ShipInfo ShippedDate=\"1997-11-21T00:00:00\">\r\n                <ShipVia>2</ShipVia>\r\n                <Freight>45.97</Freight>\r\n                <ShipName>Let's Stop N Shop</ShipName>\r\n                <ShipAddress>87 Polk St. Suite 5</ShipAddress>\r\n                <ShipCity>San Francisco</ShipCity>\r\n                <ShipRegion>CA</ShipRegion>\r\n                <ShipPostalCode>94117</ShipPostalCode>\r\n                <ShipCountry>USA</ShipCountry>\r\n            </ShipInfo>\r\n        </Order>\r\n        <Order>\r\n            <CustomerID>LETSS</CustomerID>\r\n            <EmployeeID>4</EmployeeID>\r\n            <OrderDate>1998-02-12T00:00:00</OrderDate>\r\n            <RequiredDate>1998-03-12T00:00:00</RequiredDate>\r\n            <ShipInfo ShippedDate=\"1998-02-13T00:00:00\">\r\n                <ShipVia>2</ShipVia>\r\n                <Freight>90.97</Freight>\r\n                <ShipName>Let's Stop N Shop</ShipName>\r\n                <ShipAddress>87 Polk St. Suite 5</ShipAddress>\r\n                <ShipCity>San Francisco</ShipCity>\r\n                <ShipRegion>CA</ShipRegion>\r\n                <ShipPostalCode>94117</ShipPostalCode>\r\n                <ShipCountry>USA</ShipCountry>\r\n            </ShipInfo>\r\n        </Order>\r\n    </Orders>\r\n</Root>",
					"options": {
						"raw": {
							"language": "xml"
						}
					}
				},
				"url": {
					"raw": "http://localhost:8181/customers",
					"protocol": "http",
					"host": [
						"localhost"
					],
					"port": "8181",
					"path": [
						"customers"
					]
				}
			},
			"response": []
		}
	],
	"protocolProfileBehavior": {}
}